Workbook

Sheet README
A1: South Sumatra Economic Dashboard: Data Collection Template
A2: Fill in the yellow cells, save the file, and upload it back to Claude. The layout is fixed so the data can be read automatically.
A4: HOW TO FILL IT IN
A5: 1. Type only in the YELLOW cells (the numbers, plus the 4 source fields at the top of each sheet). Grey cells are fixed labels.
A6: 2. Leave a cell BLANK if the data is not available. Do not type 0, a dash, or 'n/a'; the cells only accept numbers.
A7: 3. Type plain numbers only: no % sign, no units, no text. Excel uses your regional decimal format.
A8: 4. Use the same release every year (for example the March poverty figure for every year) and write which one in the Notes field.
A9: 5. For every sheet you use, fill in: Source table title, Source URL or table ID, Release date or version, and Notes (breaks, provisional values, boundary changes).
A10: 6. Do NOT rename sheets, insert or delete rows or columns, or change area names or years. That keeps the file readable.
A11: 7. Not sure about a number? Leave it blank and describe the problem in Notes. A blank is better than a guess.
A12: 8. Check the Tracker sheet to see how complete each indicator is. Start with the six CORE sheets (blue tabs); the OPTIONAL ones (grey tabs) can wait.
A14: COLOUR GUIDE
A15: Yellow | B15: Type here. Blue text = numbers or text you enter.
A16: Grey | B16: Fixed labels and formulas. Do not edit.
A18: EXAMPLE OF CORRECTLY ENTERED DATA (ILLUSTRATIVE ONLY, NOT REAL NUMBERS)
A19: BPS code | B19: Area | C19: 2023 | D19: 2024
A20: xxxx | B20: Example Area A | C20: 11.52 | D20: 11.2
A21: xxxx | B21: Example Area B (no 2023 data) | D21: 9.8
A22: Area B shows a blank cell: data not available, so the cell is simply left empty.
A24: WHERE TO START
A25: Start at sumsel.bps.go.id (BPS Sumatera Selatan): the publications section, including the semiannual booklet of strategic socio-economic indicators, and the statistical tables section. Confirm every table you use on the BPS site and record it in the source fields.
A26: Years not yet released (for example the latest year) will simply stay blank. That is fine.

Sheet Tracker
A1: Progress Tracker
A2: Updates automatically as you enter data. Click a sheet name to jump to it.
A4: Sheet | B4: Indicator | C4: Type | D4: Coverage | E4: Expected cells | F4: Cells filled | G4: % complete | H4: Source fields | I4: Expected-cells assumption
A5: Poverty_Rate | B5: Poverty rate | C5: Core | D5: Province + 17 regencies/cities | E5: =ROWS(Poverty_Rate!C10:M27)*COLUMNS(Poverty_Rate!C10:M27) -> 198 | F5: =COUNT(Poverty_Rate!C10:M27) -> 198 | G5: =IFERROR(MIN(1,F5/E5),0) -> 1 | H5: =IF(COUNTA(Poverty_Rate!C4:C7)=4,"Complete",IF(COUNTA(Poverty_Rate!C4:C7)=0,"Not started","Partial")) -> Partial | I5: Full grid
A6: Unemployment_TPT | B6: Open unemployment rate (TPT) | C6: Core | D6: Province + 17 regencies/cities | E6: =ROWS(Unemployment_TPT!C10:M27)*COLUMNS(Unemployment_TPT!C10:M27) -> 198 | F6: =COUNT(Unemployment_TPT!C10:M27) -> 198 | G6: =IFERROR(MIN(1,F6/E6),0) -> 1 | H6: =IF(COUNTA(Unemployment_TPT!C4:C7)=4,"Complete",IF(COUNTA(Unemployment_TPT!C4:C7)=0,"Not started","Partial")) -> Partial | I6: Full grid
A7: GRDP_Growth | B7: Economic growth (GRDP growth, year-on-year) | C7: Core | D7: Province + 17 regencies/cities | E7: =ROWS(GRDP_Growth!C10:M27)*COLUMNS(GRDP_Growth!C10:M27) -> 198 | F7: =COUNT(GRDP_Growth!C10:M27) -> 187 | G7: =IFERROR(MIN(1,F7/E7),0) -> 0.94444444 | H7: =IF(COUNTA(GRDP_Growth!C4:C7)=4,"Complete",IF(COUNTA(GRDP_Growth!C4:C7)=0,"Not started","Partial")) -> Complete | I7: Full grid
A8: GRDP_PerCapita | B8: GRDP per capita (current prices) | C8: Core | D8: Province + 17 regencies/cities | E8: =ROWS(GRDP_PerCapita!C10:M27)*COLUMNS(GRDP_PerCapita!C10:M27) -> 198 | F8: =COUNT(GRDP_PerCapita!C10:M27) -> 187 | G8: =IFERROR(MIN(1,F8/E8),0) -> 0.94444444 | H8: =IF(COUNTA(GRDP_PerCapita!C4:C7)=4,"Complete",IF(COUNTA(GRDP_PerCapita!C4:C7)=0,"Not started","Partial")) -> Complete | I8: Full grid
A9: HDI_IPM | B9: Human Development Index (IPM) | C9: Core | D9: Province + 17 regencies/cities | E9: =ROWS(HDI_IPM!C10:M27)*COLUMNS(HDI_IPM!C10:M27) -> 198 | F9: =COUNT(HDI_IPM!C10:M27) -> 198 | G9: =IFERROR(MIN(1,F9/E9),0) -> 1 | H9: =IF(COUNTA(HDI_IPM!C4:C7)=4,"Complete",IF(COUNTA(HDI_IPM!C4:C7)=0,"Not started","Partial")) -> Partial | I9: Full grid
A10: Inflation | B10: Inflation (year-on-year) | C10: Core | D10: Cities with inflation data only | E10: 22 | F10: =COUNT(Inflation!C10:M27) -> 8 | G10: =IFERROR(MIN(1,F10/E10),0) -> 0.36363636 | H10: =IF(COUNTA(Inflation!C4:C7)=4,"Complete",IF(COUNTA(Inflation!C4:C7)=0,"Not started","Partial")) -> Complete | I10: Assumes 2 cities x 11 years (edit if BPS has more)
A11: Poverty_Count | B11: Number of poor people | C11: Optional | D11: Province + 17 regencies/cities | E11: =ROWS(Poverty_Count!C10:M27)*COLUMNS(Poverty_Count!C10:M27) -> 198 | F11: =COUNT(Poverty_Count!C10:M27) -> 162 | G11: =IFERROR(MIN(1,F11/E11),0) -> 0.81818182 | H11: =IF(COUNTA(Poverty_Count!C4:C7)=4,"Complete",IF(COUNTA(Poverty_Count!C4:C7)=0,"Not started","Partial")) -> Complete | I11: Full grid
A12: Gini | B12: Gini ratio (inequality) | C12: Optional | D12: Province (regency if available) | E12: 11 | F12: =COUNT(Gini!C10:M27) -> 198 | G12: =IFERROR(MIN(1,F12/E12),0) -> 1 | H12: =IF(COUNTA(Gini!C4:C7)=4,"Complete",IF(COUNTA(Gini!C4:C7)=0,"Not started","Partial")) -> Partial | I12: Assumes province only: 1 row x 11 years
A13: GRDP_Structure | B13: GRDP by industry (share of total GRDP) | C13: Optional | D13: Province, by industry (17 categories) | E13: =ROWS(GRDP_Structure!C10:M26)*COLUMNS(GRDP_Structure!C10:M26) -> 187 | F13: =COUNT(GRDP_Structure!C10:M26) -> 0 | G13: =IFERROR(MIN(1,F13/E13),0) -> 0 | H13: =IF(COUNTA(GRDP_Structure!C4:C7)=4,"Complete",IF(COUNTA(GRDP_Structure!C4:C7)=0,"Not started","Partial")) -> Not started | I13: Full grid
A15: Core indicators overall | E15: =SUMIF($C$5:$C$13,"Core",E$5:E$13) -> 1012 | F15: =SUMIF($C$5:$C$13,"Core",F$5:F$13) -> 976 | G15: =IFERROR(MIN(1,F15/E15),0) -> 0.96442688

Sheet Poverty_Rate
A1: Poverty rate (CORE)
A2: Unit | C2: % of population below the poverty line
A3: Guidance | C3: Pick ONE release (e.g. March) and use it for every year. Write which one in Notes.
A4: Source table title (BPS) | C4: Persentase Penduduk miskin menurut kabupaten/kota (persen)
A5: Source URL or table ID | C5: Persentase Penduduk Miskin menurut Kabupaten/Kota - Tabel Statistik - Badan Pusat Statistik Provinsi Sumatera Selatan
A6: Release date or version | C6: 2026
A7: Notes (breaks, provisional, base year)
A9: BPS code | B9: Area | C9: 2015 | D9: 2016 | E9: 2017 | F9: 2018 | G9: 2019 | H9: 2020 | I9: 2021 | J9: 2022 | K9: 2023 | L9: 2024 | M9: 2025 | N9: Years filled
A10: 16 | B10: Sumatera Selatan (Province) | C10: 14.25 | D10: 13.54 | E10: 13.19 | F10: 12.8 | G10: 12.71 | H10: 12.66 | I10: 12.84 | J10: 11.9 | K10: 11.78 | L10: 10.97 | M10: 10.15 | N10: =COUNT(C10:M10) -> 11
A11: 1601 | B11: Ogan Komering Ulu | C11: 13.22 | D11: 13.29 | E11: 12.95 | F11: 12.61 | G11: 12.77 | H11: 12.75 | I11: 12.62 | J11: 11.61 | K11: 11.46 | L11: 10.68 | M11: 10.08 | N11: =COUNT(C11:M11) -> 11
A12: 1602 | B12: Ogan Komering Ilir | C12: 17.08 | D12: 16.03 | E12: 15.75 | F12: 15.28 | G12: 15.01 | H12: 14.73 | I12: 14.68 | J12: 13.23 | K12: 13.15 | L12: 12.08 | M12: 11.84 | N12: =COUNT(C12:M12) -> 11
A13: 1603 | B13: Muara Enim | C13: 14.54 | D13: 13.56 | E13: 13.19 | F13: 12.56 | G13: 12.41 | H13: 12.32 | I13: 12.32 | J13: 11.12 | K13: 10.93 | L13: 9.79 | M13: 9.45 | N13: =COUNT(C13:M13) -> 11
A14: 1604 | B14: Lahat | C14: 18.02 | D14: 17.11 | E14: 16.81 | F14: 16.15 | G14: 15.92 | H14: 15.95 | I14: 16.46 | J14: 15.61 | K14: 15 | L14: 14.14 | M14: 13.69 | N14: =COUNT(C14:M14) -> 11
A15: 1605 | B15: Musi Rawas | C15: 15.13 | D15: 14.3 | E15: 14.24 | F15: 13.76 | G15: 13.37 | H15: 13.5 | I15: 13.89 | J15: 13.34 | K15: 14.13 | L15: 13.44 | M15: 12.67 | N15: =COUNT(C15:M15) -> 11
A16: 1606 | B16: Musi Banyuasin | C16: 18.35 | D16: 17.27 | E16: 16.75 | F16: 16.52 | G16: 16.41 | H16: 16.13 | I16: 15.84 | J16: 15.19 | K16: 14.9 | L16: 12.88 | M16: 9.97 | N16: =COUNT(C16:M16) -> 11
A17: 1607 | B17: Banyuasin | C17: 12.45 | D17: 11.72 | E17: 11.47 | F17: 11.32 | G17: 11.33 | H17: 11.17 | I17: 10.75 | J17: 10 | K17: 9.58 | L17: 9.31 | M17: 8.48 | N17: =COUNT(C17:M17) -> 11
A18: 1608 | B18: Ogan Komering Ulu Selatan | C18: 11.58 | D18: 10.95 | E18: 10.98 | F18: 10.64 | G18: 10.53 | H18: 10.85 | I18: 11.12 | J18: 10.56 | K18: 10.36 | L18: 9.86 | M18: 9.17 | N18: =COUNT(C18:M18) -> 11
A19: 1609 | B19: Ogan Komering Ulu Timur | C19: 11.24 | D19: 11.29 | E19: 11 | F19: 10.57 | G19: 10.43 | H19: 10.43 | I19: 10.6 | J19: 10.05 | K19: 9.99 | L19: 9.75 | M19: 8.86 | N19: =COUNT(C19:M19) -> 11
A20: 1610 | B20: Ogan Ilir | C20: 14.43 | D20: 13.8 | E20: 13.58 | F20: 13.19 | G20: 13.31 | H20: 13.36 | I20: 13.82 | J20: 12.33 | K20: 13.28 | L20: 12.3 | M20: 11.69 | N20: =COUNT(C20:M20) -> 11
A21: 1611 | B21: Empat Lawang | C21: 13.33 | D21: 12.54 | E21: 12.44 | F21: 12.25 | G21: 12.3 | H21: 12.63 | I21: 13.35 | J21: 12.03 | K21: 11.8 | L21: 10.78 | M21: 10.48 | N21: =COUNT(C21:M21) -> 11
... A27: 1674 | B27: Lubuk Linggau (City) | C27: 15.16 | D27: 13.99 | E27: 13.12 | F27: 13.02 | G27: 12.95 | H27: 12.71 | I27: 13.23 | J27: 12.68 | K27: 12.65 | L27: 11.14 | M27: 10.49 | N27: =COUNT(C27:M27) -> 11

Sheet Unemployment_TPT
A1: Open unemployment rate (TPT) (CORE)
A2: Unit | C2: % of labour force
A3: Guidance | C3: Use the same survey round every year (regency level is usually August; confirm on BPS).
A4: Source table title (BPS) | C4: Tingkat Pengangguran Terbuka (TPT) dan Tingkat Partisipasi Angkatan Kerja (TPAK) Menurut Kabupaten/Kota di Provinsi Sumatera Selatan, per agustus
A5: Source URL or table ID | C5: Tingkat Pengangguran Terbuka (TPT) dan Tingkat Partisipasi Angkatan Kerja (TPAK) Menurut Kabupaten/Kota di Provinsi Sumatera Selatan, 2025 - Tabel Statistik - Badan Pusat Statistik Provinsi Sumatera Selatan
A6: Release date or version | C6: 2026
A7: Notes (breaks, provisional, base year)
A9: BPS code | B9: Area | C9: 2015 | D9: 2016 | E9: 2017 | F9: 2018 | G9: 2019 | H9: 2020 | I9: 2021 | J9: 2022 | K9: 2023 | L9: 2024 | M9: 2025 | N9: Years filled
A10: 16 | B10: Sumatera Selatan (Province) | C10: 5.594 | D10: 5.259 | E10: 4.39 | F10: 4.27 | G10: 4.53 | H10: 5.51 | I10: 4.98 | J10: 4.63 | K10: 4.11 | L10: 3.86 | M10: 3.69 | N10: =COUNT(D10:M10) -> 10
A11: 1601 | B11: Ogan Komering Ulu | C11: 4.91 | D11: 4.732 | E11: 4.5 | F11: 4.68 | G11: 4.58 | H11: 6.01 | I11: 4.57 | J11: 4.39 | K11: 4.13 | L11: 4.05 | M11: 3.85 | N11: =COUNT(D11:M11) -> 10
A12: 1602 | B12: Ogan Komering Ilir | C12: 3.358 | D12: 3.343 | E12: 3.45 | F12: 2.65 | G12: 2.98 | H12: 3.29 | I12: 3.01 | J12: 3.75 | K12: 3.23 | L12: 3.38 | M12: 3.12 | N12: =COUNT(D12:M12) -> 10
A13: 1603 | B13: Muara Enim | C13: 4.99 | D13: 4.807 | E13: 3.31 | F13: 4.33 | G13: 4.84 | H13: 4.9 | I13: 5.03 | J13: 4.12 | K13: 3.92 | L13: 4.09 | M13: 4.13 | N13: =COUNT(D13:M13) -> 10
A14: 1604 | B14: Lahat | C14: 4.368 | D14: 4.125 | E14: 4.33 | F14: 3.35 | G14: 3.68 | H14: 4.18 | I14: 3.6 | J14: 4.02 | K14: 3.41 | L14: 3.11 | M14: 2.84 | N14: =COUNT(D14:M14) -> 10
A15: 1605 | B15: Musi Rawas | C15: 2.89 | D15: 2.684 | E15: 2.8 | F15: 3.26 | G15: 2.93 | H15: 3.29 | I15: 2.78 | J15: 1.92 | K15: 1.95 | L15: 1.94 | M15: 1.74 | N15: =COUNT(D15:M15) -> 10
A16: 1606 | B16: Musi Banyuasin | C16: 5.496 | D16: 4.879 | E16: 2.75 | F16: 3.33 | G16: 4.15 | H16: 4.79 | I16: 3.99 | J16: 4.4 | K16: 2.58 | L16: 2.13 | M16: 2.04 | N16: =COUNT(C16:M16) -> 11
A17: 1607 | B17: Banyuasin | C17: 4.288 | D17: 4.041 | E17: 3.65 | F17: 3.86 | G17: 3.94 | H17: 4.73 | I17: 3.84 | J17: 3.39 | K17: 3.35 | L17: 3.24 | M17: 2.68 | N17: =COUNT(C17:M17) -> 11
A18: 1608 | B18: Ogan Komering Ulu Selatan | C18: 3.178 | D18: 2.913 | E18: 3.54 | F18: 4.2 | G18: 2.99 | H18: 3.28 | I18: 3.23 | J18: 1.83 | K18: 1.81 | L18: 1.8 | M18: 1.92 | N18: =COUNT(C18:M18) -> 11
A19: 1609 | B19: Ogan Komering Ulu Timur | C19: 4.296 | D19: 4.146 | E19: 2.35 | F19: 3.55 | G19: 3.46 | H19: 3.81 | I19: 3.18 | J19: 4.79 | K19: 3.96 | L19: 3.45 | M19: 3.1 | N19: =COUNT(C19:M19) -> 11
A20: 1610 | B20: Ogan Ilir | C20: 2.492 | D20: 2.514 | E20: 3.2 | F20: 2.47 | G20: 3.29 | H20: 4.91 | I20: 3.07 | J20: 2.15 | K20: 2.1 | L20: 2.65 | M20: 2.93 | N20: =COUNT(C20:M20) -> 11
A21: 1611 | B21: Empat Lawang | C21: 3.006 | D21: 2.985 | E21: 3.85 | F21: 2.29 | G21: 2.66 | H21: 3.61 | I21: 2.41 | J21: 3.59 | K21: 3.09 | L21: 2.84 | M21: 2.68 | N21: =COUNT(C21:M21) -> 11
A22: 1612 | B22: Penukal Abab Lematang Ilir | C22: 4.036 | D22: 3.993 | E22: 4.43 | F22: 3.83 | G22: 4.14 | H22: 3.74 | I22: 3.61 | J22: 4.31 | K22: 3.99 | L22: 3.72 | M22: 3.69 | N22: =COUNT(C22:M22) -> 11
A23: 1613 | B23: Musi Rawas Utara | C23: 7.066 | D23: 6.64 | E23: 6.11 | F23: 4.19 | G23: 3.81 | H23: 6.88 | I23: 6.72 | J23: 5.29 | K23: 5.11 | L23: 4.91 | M23: 4.78 | N23: =COUNT(C23:M23) -> 11
A24: 1671 | B24: Palembang (City) | C24: 11.046 | D24: 10.264 | E24: 8.2 | F24: 7.26 | G24: 8.01 | H24: 9.86 | I24: 10.11 | J24: 8.2 | K24: 7.49 | L24: 6.98 | M24: 6.81 | N24: =COUNT(C24:M24) -> 11
A25: 1672 | B25: Prabumulih (City) | C25: 6.2 | D25: 5.941 | E25: 6.73 | F25: 7.04 | G25: 6.12 | H25: 6.64 | I25: 5.86 | J25: 5.25 | K25: 5.05 | L25: 4.94 | M25: 4.72 | N25: =COUNT(C25:M25) -> 11
A26: 1673 | B26: Pagar Alam (City) | C26: 2.572 | D26: 2.554 | E26: 2.57 | F26: 3.06 | G26: 2.48 | H26: 2.5 | I26: 1.64 | J26: 3.62 | K26: 2.71 | L26: 2.34 | M26: 2.19 | N26: =COUNT(C26:M26) -> 11
A27: 1674 | B27: Lubuk Linggau (City) | C27: 6.898 | D27: 6.581 | E27: 4 | F27: 4.59 | G27: 4.71 | H27: 7.41 | I27: 6.27 | J27: 5.94 | K27: 5.64 | L27: 5.29 | M27: 5.01 | N27: =COUNT(C27:M27) -> 11

Sheet GRDP_Growth
A1: Economic growth (GRDP growth, year-on-year) (CORE)
A2: Unit | C2: % per year, from GRDP at constant prices
A3: Guidance | C3: Write the base year (e.g. 2010=100) in Notes. BPS series can change base year.
A4: Source table title (BPS) | C4: Laju Pertumbuhan Produk Domestik Regional Bruto per Kapita Atas Dasar Harga Konstan 2010 Menurut Kabupaten/Kota di Provinsi Sumatera Selatan (persen)
A5: Source URL or table ID | C5: Laju Pertumbuhan Produk Domestik Regional Bruto per Kapita Atas Dasar Harga Konstan 2010 Menurut Kabupaten/Kota di Provinsi Sumatera Selatan (persen), 2025 - Tabel Statistik - Badan Pusat Statistik Provinsi Sumatera Selatan
A6: Release date or version | C6: 2026
A7: Notes (breaks, provisional, base year) | C7: I don’t got the province (could u calculate it from the city data?)
A9: BPS code | B9: Area | C9: 2015 | D9: 2016 | E9: 2017 | F9: 2018 | G9: 2019 | H9: 2020 | I9: 2021 | J9: 2022 | K9: 2023 | L9: 2024 | M9: 2025 | N9: Years filled
A10: 16 | B10: Sumatera Selatan (Province) | N10: =COUNT(C10:M10) -> 0
A11: 1601 | B11: Ogan Komering Ulu | C11: 2.2566667 | D11: 2.58 | E11: 2.73 | F11: 3.58 | G11: 4.19 | H11: 0.58 | I11: 1.33 | J11: 4.43 | K11: 3.99 | L11: 3.99 | M11: 4.23 | N11: =COUNT(C11:M11) -> 11
A12: 1602 | B12: Ogan Komering Ilir | C12: 3.8146667 | D12: 3.04 | E12: 3.72 | F12: 3.61 | G12: 3.49 | H12: 8.53 | I12: 2.18 | J12: 18.26 | K12: 3.98 | L12: 3.88 | M12: 4.01 | N12: =COUNT(C12:M12) -> 11
A13: 1603 | B13: Muara Enim | C13: 5.8253333 | D13: 5.16 | E13: 5.57 | F13: 7.08 | G13: 5.38 | H13: 4.29 | I13: 5.09 | J13: 7.42 | K13: 7.32 | L13: 4.7 | M13: 4.28 | N13: =COUNT(C13:M13) -> 11
A14: 1604 | B14: Lahat | C14: 1.3166667 | D14: 1.26 | E14: 3.38 | F14: 3.04 | G14: 4.63 | H14: -4.15 | I14: 3.58 | J14: 5.65 | K14: 5.43 | L14: 3.87 | M14: 4.29 | N14: =COUNT(C14:M14) -> 11
A15: 1605 | B15: Musi Rawas | C15: 3.852 | D15: 3.92 | E15: 3.66 | F15: 4.54 | G15: 4.28 | H15: 2.9 | I15: 1.21 | J15: 2.93 | K15: 2.95 | L15: 3.91 | M15: 3.76 | N15: =COUNT(C15:M15) -> 11
A16: 1606 | B16: Musi Banyuasin | C16: 1.0706667 | D16: 0.65 | E16: 1.54 | F16: 1.79 | G16: 2.89 | H16: 4.51 | I16: 2.14 | J16: 2.96 | K16: 3.25 | L16: 3.73 | M16: 3.94 | N16: =COUNT(C16:M16) -> 11
A17: 1607 | B17: Banyuasin | C17: 3.6973333 | D17: 4.47 | E17: 3.66 | F17: 3.79 | G17: 3.64 | H17: 2.79 | I17: 1.96 | J17: 3.85 | K17: 3.64 | L17: 3.76 | M17: 4.04 | N17: =COUNT(C17:M17) -> 11
A18: 1608 | B18: Ogan Komering Ulu Selatan | C18: 1.6753333 | D18: 3.83 | E18: 3.22 | F18: 3.82 | G18: 3.38 | H18: -10.39 | I18: 2.51 | J18: 3.47 | K18: 2.84 | L18: 3.28 | M18: 3.9 | N18: =COUNT(C18:M18) -> 11
A19: 1609 | B19: Ogan Komering Ulu Timur | C19: 3.6506667 | D19: 5.01 | E19: 2.29 | F19: 3.23 | G19: 4.74 | H19: 4.7 | I19: 3.69 | J19: 4.39 | K19: 4.05 | L19: 4.16 | M19: 4.87 | N19: =COUNT(C19:M19) -> 11
A20: 1610 | B20: Ogan Ilir | C20: 3.8006667 | D20: 3.78 | E20: 3.82 | F20: 3.88 | G20: 4.08 | H20: 3.46 | I20: 2.49 | J20: 3.73 | K20: 3.45 | L20: 3.59 | M20: 3.77 | N20: =COUNT(C20:M20) -> 11
A21: 1611 | B21: Empat Lawang | C21: -1.26 | D21: 3.14 | E21: 2.45 | F21: 2.97 | G21: 2.31 | H21: -24.1 | I21: 2.37 | J21: 3.83 | K21: 3.18 | L21: 3.4 | M21: 4.33 | N21: =COUNT(C21:M21) -> 11
A22: 1612 | B22: Penukal Abab Lematang Ilir | C22: 3.5713333 | D22: 3.64 | E22: 4.56 | F22: 4.9 | G22: 4.61 | H22: -1.85 | I22: 0.66 | J22: 2.96 | K22: 3.24 | L22: 3.59 | M22: 3.68 | N22: =COUNT(C22:M22) -> 11
... A27: 1674 | B27: Lubuk Linggau (City) | C27: 4.1626667 | D27: 4.71 | E27: 4.84 | F27: 4.44 | G27: 3.89 | H27: -0.21 | I27: 1.72 | J27: 3.12 | K27: 3.1 | L27: 3.32 | M27: 3.67 | N27: =COUNT(C27:M27) -> 11

Sheet GRDP_PerCapita
A1: GRDP per capita (current prices) (CORE)
A2: Unit | C2: million IDR per person per year
A3: Guidance | C3: If BPS shows thousand IDR, convert to million IDR and say so in Notes.
A4: Source table title (BPS) | C4: Produk Domestik Regional Bruto (PDRB) Tahunan Kabupaten/Kota Provinsi Sumatera Selatan Atas Dasar Harga Berlaku (Miliar Rupiah)
A5: Source URL or table ID | C5: Produk Domestik Regional Bruto (PDRB) Tahunan Kabupaten/Kota Provinsi Sumatera Selatan Atas Dasar Harga Berlaku - Tabel Statistik - Badan Pusat Statistik Provinsi Sumatera Selatan
A6: Release date or version | C6: 2026
A7: Notes (breaks, provisional, base year) | C7: I don’t got the province (could u calculate it from the city data?)
A9: BPS code | B9: Area | C9: 2015 | D9: 2016 | E9: 2017 | F9: 2018 | G9: 2019 | H9: 2020 | I9: 2021 | J9: 2022 | K9: 2023 | L9: 2024 | M9: 2025 | N9: Years filled
A10: 16 | B10: Sumatera Selatan (Province) | N10: =COUNT(C10:M10) -> 0
A11: 1601 | B11: Ogan Komering Ulu | C11: 10674.63 | D11: 11470.61 | E11: 12373.95 | F11: 13383.13 | G11: 14647.67 | H11: 14815.09 | I11: 15730.26 | J11: 17613.75 | K11: 18969.37 | L11: 20465.17 | M11: 22256.88 | N11: =COUNT(C11:M11) -> 11
A12: 1602 | B12: Ogan Komering Ilir | C12: 21831.86 | D12: 23312.04 | E12: 28563.11 | F12: 30547.99 | G12: 32841.57 | H12: 33823.7 | I12: 35991.36 | J12: 39404.79 | K12: 42965.33 | L12: 46649.01 | M12: 50960.56 | N12: =COUNT(C12:M12) -> 11
A13: 1603 | B13: Muara Enim | C13: 40934.38 | D13: 41766.51 | E13: 45782.76 | F13: 52695.3 | G13: 57333.51 | H13: 57493.55 | I13: 69569.67 | J13: 113577.5 | K13: 118517.5 | L13: 116724.4 | M13: 128196.3 | N13: =COUNT(C13:M13) -> 11
A14: 1604 | B14: Lahat | C14: 13857.85 | D14: 14262.7 | E14: 15035.35 | F14: 15984.33 | G14: 17130.2 | H14: 17230.57 | I14: 19635.54 | J14: 27834.48 | K14: 29288.89 | L14: 29980.66 | M14: 32401.65 | N14: =COUNT(C14:M14) -> 11
A15: 1605 | B15: Musi Rawas | C15: 14139.03 | D15: 14758.37 | E15: 15877.31 | F15: 17495.01 | G15: 19062.78 | H15: 19237.35 | I15: 20412.49 | J15: 22342.12 | K15: 23526.55 | L15: 25471.85 | M15: 27232.74 | N15: =COUNT(C15:M15) -> 11
A16: 1606 | B16: Musi Banyuasin | C16: 53388.15 | D16: 52773.52 | E16: 56020.03 | F16: 60861.46 | G16: 65811 | H16: 65943.88 | I16: 72643.72 | J16: 82431.54 | K16: 85671.07 | L16: 92666.87 | M16: 98937.71 | N16: =COUNT(C16:M16) -> 11
A17: 1607 | B17: Banyuasin | C17: 20822.41 | D17: 22732.94 | E17: 24501.19 | F17: 26542.71 | G17: 28655.74 | H17: 29100.61 | I17: 30992.96 | J17: 34142.57 | K17: 37636.52 | L17: 39630.12 | M17: 43763.6 | N17: =COUNT(C17:M17) -> 11
A18: 1608 | B18: Ogan Komering Ulu Selatan | C18: 6376.85 | D18: 7014.62 | E18: 7592.14 | F18: 8136.43 | G18: 8785.71 | H18: 8971.73 | I18: 9530.24 | J18: 10328.5 | K18: 11090.39 | L18: 11908.37 | M18: 12801.41 | N18: =COUNT(C18:M18) -> 11
A19: 1609 | B19: Ogan Komering Ulu Timur | C19: 11101.33 | D19: 12132.11 | E19: 12823.9 | F19: 13727.12 | G19: 14935.85 | H19: 15282.54 | I19: 16243.46 | J19: 17832.84 | K19: 19464.92 | L19: 21239.75 | M19: 22541.51 | N19: =COUNT(C19:M19) -> 11
A20: 1610 | B20: Ogan Ilir | C20: 8185.18 | D20: 8833.78 | E20: 9514.38 | F20: 10315.11 | G20: 11159.4 | H20: 11328.48 | I20: 12048.82 | J20: 13245.82 | K20: 14238.81 | L20: 15274.88 | M20: 16324.27 | N20: =COUNT(C20:M20) -> 11
A21: 1611 | B21: Empat Lawang | C21: 3838.69 | D21: 4159.76 | E21: 4407.37 | F21: 4695.14 | G21: 4991.08 | H21: 5084.15 | I21: 5391.04 | J21: 5823.97 | K21: 6283.7 | L21: 6722.01 | M21: 7381.15 | N21: =COUNT(C21:M21) -> 11
A22: 1612 | B22: Penukal Abab Lematang Ilir | C22: 5097.94 | D22: 5386.87 | E22: 5845.94 | F22: 6493.09 | G22: 7083.68 | H22: 7129.73 | I22: 7527.14 | J22: 8194.75 | K22: 8719.08 | L22: 9386.33 | M22: 10339.89 | N22: =COUNT(C22:M22) -> 11
... A27: 1674 | B27: Lubuk Linggau (City) | C27: 4671.08 | D27: 5150.6 | E27: 5636.43 | F27: 6135.2 | G27: 6643.68 | H27: 6717.98 | I27: 7030.47 | J27: 7687.85 | K27: 8233.71 | L27: 8717.86 | M27: 9386.8 | N27: =COUNT(C27:M27) -> 11

Sheet HDI_IPM
A1: Human Development Index (IPM) (CORE)
A2: Unit | C2: index points (0-100)
A3: Guidance | C3: Use the current-method series. Note any method break in Notes.
A4: Source table title (BPS) | C4: Indeks Pembangunan Manusia Menurut Kabupaten/Kota di Provinsi Sumatera Selatan,
A5: Source URL or table ID | C5: Indeks Pembangunan Manusia Menurut Kabupaten/Kota di Provinsi Sumatera Selatan, 2025 - Tabel Statistik - Badan Pusat Statistik Provinsi Sumatera Selatan
A6: Release date or version | C6: 2026
A7: Notes (breaks, provisional, base year)
A9: BPS code | B9: Area | C9: 2015 | D9: 2016 | E9: 2017 | F9: 2018 | G9: 2019 | H9: 2020 | I9: 2021 | J9: 2022 | K9: 2023 | L9: 2024 | M9: 2025 | N9: Years filled
A10: 16 | B10: Sumatera Selatan (Province) | C10: 67.46 | D10: 68.24 | E10: 68.86 | F10: 69.39 | G10: 70.02 | H10: 71.62 | I10: 71.83 | J10: 72.48 | K10: 73.18 | L10: 73.84 | M10: 74.76 | N10: =COUNT(C10:M10) -> 11
A11: 1601 | B11: Ogan Komering Ulu | C11: 67.18 | D11: 67.47 | E11: 68.28 | F11: 69.01 | G11: 69.45 | H11: 71.5 | I11: 71.79 | J11: 72.41 | K11: 73.17 | L11: 73.7 | M11: 74.47 | N11: =COUNT(C11:M11) -> 11
A12: 1602 | B12: Ogan Komering Ilir | C12: 64.73 | D12: 65.44 | E12: 66.11 | F12: 66.57 | G12: 66.96 | H12: 68.96 | I12: 69.33 | J12: 70.17 | K12: 70.8 | L12: 71.48 | M12: 72.2 | N12: =COUNT(C12:M12) -> 11
A13: 1603 | B13: Muara Enim | C13: 65.82 | D13: 66.71 | E13: 67.63 | F13: 68.28 | G13: 68.88 | H13: 70.84 | I13: 70.95 | J13: 71.52 | K13: 72.33 | L13: 73.1 | M13: 73.77 | N13: =COUNT(C13:M13) -> 11
A14: 1604 | B14: Lahat | C14: 65.25 | D14: 65.75 | E14: 66.38 | F14: 66.99 | G14: 67.62 | H14: 70.48 | I14: 70.62 | J14: 71.45 | K14: 72.15 | L14: 72.83 | M14: 73.75 | N14: =COUNT(C14:M14) -> 11
A15: 1605 | B15: Musi Rawas | C15: 64.11 | D15: 64.75 | E15: 65.31 | F15: 66.18 | G15: 66.92 | H15: 69.05 | I15: 69.26 | J15: 70.04 | K15: 70.52 | L15: 71.21 | M15: 71.92 | N15: =COUNT(C15:M15) -> 11
A16: 1606 | B16: Musi Banyuasin | C16: 65.76 | D16: 66.45 | E16: 66.96 | F16: 67.57 | G16: 67.83 | H16: 69.83 | I16: 70.25 | J16: 70.73 | K16: 71.3 | L16: 72.27 | M16: 73.17 | N16: =COUNT(C16:M16) -> 11
A17: 1607 | B17: Banyuasin | C17: 64.15 | D17: 65.01 | E17: 65.85 | F17: 66.4 | G17: 66.9 | H17: 68.76 | I17: 69.15 | J17: 69.95 | K17: 70.67 | L17: 71.55 | M17: 72.42 | N17: =COUNT(C17:M17) -> 11
A18: 1608 | B18: Ogan Komering Ulu Selatan | C18: 62.57 | D18: 63.42 | E18: 63.96 | F18: 64.84 | G18: 65.43 | H18: 67.81 | I18: 67.85 | J18: 68.33 | K18: 69.05 | L18: 70 | M18: 70.98 | N18: =COUNT(C18:M18) -> 11
A19: 1609 | B19: Ogan Komering Ulu Timur | C19: 67.17 | D19: 67.38 | E19: 67.84 | F19: 68.58 | G19: 69.34 | H19: 71.37 | I19: 71.68 | J19: 72.33 | K19: 73.05 | L19: 73.64 | M19: 74.42 | N19: =COUNT(C19:M19) -> 11
A20: 1610 | B20: Ogan Ilir | C20: 65.35 | D20: 65.45 | E20: 65.63 | F20: 66.43 | G20: 67.22 | H20: 70.29 | I20: 70.4 | J20: 71.2 | K20: 72.01 | L20: 72.67 | M20: 73.21 | N20: =COUNT(C20:M20) -> 11
A21: 1611 | B21: Empat Lawang | C21: 63.55 | D21: 64 | E21: 64.21 | F21: 64.81 | G21: 65.1 | H21: 67.64 | I21: 67.77 | J21: 68.39 | K21: 69.07 | L21: 69.63 | M21: 70.56 | N21: =COUNT(C21:M21) -> 11
... A27: 1674 | B27: Lubuk Linggau (City) | C27: 73.17 | D27: 73.57 | E27: 73.67 | F27: 74.09 | G27: 74.81 | H27: 76.99 | I27: 77.09 | J27: 77.71 | K27: 78.36 | L27: 78.98 | M27: 79.94 | N27: =COUNT(C27:M27) -> 11

Sheet Inflation
A1: Inflation (year-on-year) (CORE)
A2: Unit | C2: % year-on-year
A3: Guidance | C3: Only some cities publish inflation (sources I saw listed Palembang and Lubuk Linggau; verify on BPS). Leave other areas blank. Use the same month every year (e.g. December).
A4: Source table title (BPS) | C4: Inflasi di Provinsi Sumatera Selatan (month-to-month)
A5: Source URL or table ID | C5: Inflasi di Provinsi Sumatera Selatan (month-to-month) (2022=100) - Tabel Statistik - Badan Pusat Statistik Provinsi Sumatera Selatan
A6: Release date or version | C6: 2026
A7: Notes (breaks, provisional, base year) | C7: Bulan desember, Cuma dapet itu aku sisanya gaada di bps
A9: BPS code | B9: Area | C9: 2015 | D9: 2016 | E9: 2017 | F9: 2018 | G9: 2019 | H9: 2020 | I9: 2021 | J9: 2022 | K9: 2023 | L9: 2024 | M9: 2025 | N9: Years filled
A10: 16 | B10: Sumatera Selatan (Province) | N10: =COUNT(C10:M10) -> 0
A11: 1601 | B11: Ogan Komering Ulu | N11: =COUNT(C11:M11) -> 0
A12: 1602 | B12: Ogan Komering Ilir | L12: 0.7 | M12: 0.67 | N12: =COUNT(C12:M12) -> 2
A13: 1603 | B13: Muara Enim | L13: 0.6 | M13: 0.85 | N13: =COUNT(C13:M13) -> 2
A14: 1604 | B14: Lahat | N14: =COUNT(C14:M14) -> 0
A15: 1605 | B15: Musi Rawas | N15: =COUNT(C15:M15) -> 0
A16: 1606 | B16: Musi Banyuasin | N16: =COUNT(C16:M16) -> 0
A17: 1607 | B17: Banyuasin | N17: =COUNT(C17:M17) -> 0
A18: 1608 | B18: Ogan Komering Ulu Selatan | N18: =COUNT(C18:M18) -> 0
A19: 1609 | B19: Ogan Komering Ulu Timur | N19: =COUNT(C19:M19) -> 0
A20: 1610 | B20: Ogan Ilir | N20: =COUNT(C20:M20) -> 0
A21: 1611 | B21: Empat Lawang | N21: =COUNT(C21:M21) -> 0
A22: 1612 | B22: Penukal Abab Lematang Ilir | N22: =COUNT(C22:M22) -> 0
A23: 1613 | B23: Musi Rawas Utara | N23: =COUNT(C23:M23) -> 0
A24: 1671 | B24: Palembang (City) | L24: 0.42 | M24: 0.39 | N24: =COUNT(C24:M24) -> 2
A25: 1672 | B25: Prabumulih (City) | N25: =COUNT(C25:M25) -> 0
A26: 1673 | B26: Pagar Alam (City) | N26: =COUNT(C26:M26) -> 0
A27: 1674 | B27: Lubuk Linggau (City) | L27: 0.58 | M27: 0.37 | N27: =COUNT(C27:M27) -> 2

Sheet Poverty_Count
A1: Number of poor people (OPTIONAL)
A2: Unit | C2: thousand persons
A3: Guidance | C3: Use the same release as the poverty rate.
A4: Source table title (BPS) | C4: Jumlah Penduduk Miskin - Maret (ribu) (Ribu)
A5: Source URL or table ID | C5: Jumlah dan Persentase Penduduk Miskin Menurut Kabupaten/Kota di Provinsi Sumatera Selatan, 2025 - Tabel Statistik - Badan Pusat Statistik Provinsi Sumatera Selatan
A6: Release date or version | C6: 2026
A7: Notes (breaks, provisional, base year) | C7: satuannya ribu itu, tahun 2015 dan 2016 tidak ada di bps
A9: BPS code | B9: Area | C9: 2015 | D9: 2016 | E9: 2017 | F9: 2018 | G9: 2019 | H9: 2020 | I9: 2021 | J9: 2022 | K9: 2023 | L9: 2024 | M9: 2025 | N9: Years filled
A10: 16 | B10: Sumatera Selatan (Province) | E10: 1086.92 | F10: 1068.27 | G10: 1073.74 | H10: 1081.59 | I10: 1113.76 | J10: 1044.69 | K10: 1045.68 | L10: 984.24 | M10: 919.6 | N10: =COUNT(C10:M10) -> 9
A11: 1601 | B11: Ogan Komering Ulu | E11: 46.34 | F11: 45.71 | G11: 46.84 | H11: 47.3 | I11: 47.5 | J11: 44.2 | K11: 44.11 | L11: 41.54 | M11: 39.58 | N11: =COUNT(C11:M11) -> 9
A12: 1602 | B12: Ogan Komering Ilir | E12: 127.06 | F12: 124.86 | G12: 124.14 | H12: 123.34 | I12: 124.78 | J12: 113.79 | K12: 114.48 | L12: 106.37 | M12: 105.26 | N12: =COUNT(C12:M12) -> 9
A13: 1603 | B13: Muara Enim | E13: 81.3 | F13: 78.58 | G13: 78.75 | H13: 79.27 | I13: 80.4 | J13: 73.53 | K13: 73.24 | L13: 66.42 | M13: 64.82 | N13: =COUNT(C13:M13) -> 9
A14: 1604 | B14: Lahat | E14: 67.33 | F14: 65.31 | G14: 65.03 | H14: 65.75 | I14: 68.4 | J14: 65.39 | K14: 63.36 | L14: 60.19 | M14: 58.66 | N14: =COUNT(C14:M14) -> 9
A15: 1605 | B15: Musi Rawas | E15: 55.96 | F15: 54.75 | G15: 53.82 | H15: 54.95 | I15: 57.46 | J15: 55.8 | K15: 59.75 | L15: 57.44 | M15: 54.7 | N15: =COUNT(C15:M15) -> 9
A16: 1606 | B16: Musi Banyuasin | E16: 105.08 | F16: 105.15 | G16: 105.83 | H16: 105.38 | I16: 105.23 | J16: 102.24 | K16: 101.63 | L16: 88.94 | M16: 69.61 | N16: =COUNT(C16:M16) -> 9
A17: 1607 | B17: Banyuasin | E17: 95.28 | F17: 95.29 | G17: 96.55 | H17: 96.27 | I17: 94.08 | J17: 88.55 | K17: 85.88 | L17: 84.36 | M17: 77.63 | N17: =COUNT(C17:M17) -> 9
A18: 1608 | B18: Ogan Komering Ulu Selatan | E18: 38.63 | F18: 37.87 | G18: 37.92 | H18: 39.5 | I18: 41.23 | J18: 39.61 | K18: 39.3 | L18: 37.81 | M18: 35.49 | N18: =COUNT(C18:M18) -> 9
A19: 1609 | B19: Ogan Komering Ulu Timur | E19: 72.81 | F19: 70.65 | G19: 70.4 | H19: 71.1 | I19: 72.89 | J19: 69.69 | K19: 69.91 | L19: 68.74 | M19: 62.89 | N19: =COUNT(C19:M19) -> 9
A20: 1610 | B20: Ogan Ilir | E20: 56.85 | F20: 55.87 | G20: 57.06 | H20: 57.97 | I20: 60.5 | J20: 54.55 | K20: 59.33 | L20: 55.49 | M20: 53.21 | N20: =COUNT(C20:M20) -> 9
A21: 1611 | B21: Empat Lawang | E21: 30.29 | F21: 30.2 | G21: 30.68 | H21: 31.89 | I21: 34.11 | J21: 31.06 | K21: 30.78 | L21: 28.42 | M21: 27.88 | N21: =COUNT(C21:M21) -> 9
... A27: 1674 | B27: Lubuk Linggau (City) | E27: 29.54 | F27: 29.74 | G27: 29.98 | H27: 29.8 | I27: 31.61 | J27: 30.68 | K27: 31.02 | L27: 27.65 | M27: 26.35 | N27: =COUNT(C27:M27) -> 9

Sheet Gini
A1: Gini ratio (inequality) (OPTIONAL)
A2: Unit | C2: ratio between 0 and 1
A3: Guidance | C3: Usually province level only. Fill regency/city rows only if BPS publishes them.
A4: Source table title (BPS) | C4: Rasio Gini Menurut Kabupaten/Kota
A5: Source URL or table ID | C5: Rasio Gini Menurut Kabupaten/Kota - Tabel Statistik - Badan Pusat Statistik Provinsi Sumatera Selatan
A6: Release date or version | C6: 2025
A7: Notes (breaks, provisional, base year)
A9: BPS code | B9: Area | C9: 2015 | D9: 2016 | E9: 2017 | F9: 2018 | G9: 2019 | H9: 2020 | I9: 2021 | J9: 2022 | K9: 2023 | L9: 2024 | M9: 2025 | N9: Years filled
A10: 16 | B10: Sumatera Selatan (Province) | C10: 0.36 | D10: 0.348 | E10: 0.361 | F10: 0.358 | G10: 0.331 | H10: 0.339 | I10: 0.341 | J10: 0.339 | K10: 0.338 | L10: 0.333 | M10: 0.311 | N10: =COUNT(C10:M10) -> 11
A11: 1601 | B11: Ogan Komering Ulu | C11: 0.356 | D11: 0.347 | E11: 0.329 | F11: 0.308 | G11: 0.32 | H11: 0.33 | I11: 0.347 | J11: 0.347 | K11: 0.321 | L11: 0.334 | M11: 0.294 | N11: =COUNT(C11:M11) -> 11
A12: 1602 | B12: Ogan Komering Ilir | C12: 0.331 | D12: 0.309 | E12: 0.337 | F12: 0.33 | G12: 0.28 | H12: 0.302 | I12: 0.299 | J12: 0.293 | K12: 0.322 | L12: 0.306 | M12: 0.255 | N12: =COUNT(C12:M12) -> 11
A13: 1603 | B13: Muara Enim | C13: 0.334 | D13: 0.333 | E13: 0.376 | F13: 0.354 | G13: 0.323 | H13: 0.327 | I13: 0.337 | J13: 0.32 | K13: 0.313 | L13: 0.309 | M13: 0.258 | N13: =COUNT(C13:M13) -> 11
A14: 1604 | B14: Lahat | C14: 0.339 | D14: 0.34 | E14: 0.356 | F14: 0.306 | G14: 0.334 | H14: 0.327 | I14: 0.298 | J14: 0.335 | K14: 0.325 | L14: 0.311 | M14: 0.235 | N14: =COUNT(C14:M14) -> 11
A15: 1605 | B15: Musi Rawas | C15: 0.287 | D15: 0.24 | E15: 0.28 | F15: 0.273 | G15: 0.239 | H15: 0.262 | I15: 0.277 | J15: 0.328 | K15: 0.284 | L15: 0.285 | M15: 0.209 | N15: =COUNT(C15:M15) -> 11
A16: 1606 | B16: Musi Banyuasin | C16: 0.287 | D16: 0.261 | E16: 0.266 | F16: 0.326 | G16: 0.309 | H16: 0.321 | I16: 0.326 | J16: 0.339 | K16: 0.31 | L16: 0.314 | M16: 0.208 | N16: =COUNT(C16:M16) -> 11
A17: 1607 | B17: Banyuasin | C17: 0.324 | D17: 0.304 | E17: 0.316 | F17: 0.344 | G17: 0.329 | H17: 0.323 | I17: 0.32 | J17: 0.283 | K17: 0.265 | L17: 0.267 | M17: 0.229 | N17: =COUNT(C17:M17) -> 11
A18: 1608 | B18: Ogan Komering Ulu Selatan | C18: 0.305 | D18: 0.319 | E18: 0.395 | F18: 0.317 | G18: 0.323 | H18: 0.271 | I18: 0.291 | J18: 0.285 | K18: 0.308 | L18: 0.356 | M18: 0.291 | N18: =COUNT(C18:M18) -> 11
A19: 1609 | B19: Ogan Komering Ulu Timur | C19: 0.319 | D19: 0.299 | E19: 0.285 | F19: 0.336 | G19: 0.276 | H19: 0.289 | I19: 0.299 | J19: 0.327 | K19: 0.296 | L19: 0.298 | M19: 0.248 | N19: =COUNT(C19:M19) -> 11
A20: 1610 | B20: Ogan Ilir | C20: 0.369 | D20: 0.347 | E20: 0.345 | F20: 0.317 | G20: 0.347 | H20: 0.316 | I20: 0.28 | J20: 0.285 | K20: 0.292 | L20: 0.304 | M20: 0.219 | N20: =COUNT(C20:M20) -> 11
A21: 1611 | B21: Empat Lawang | C21: 0.309 | D21: 0.31 | E21: 0.317 | F21: 0.331 | G21: 0.318 | H21: 0.38 | I21: 0.357 | J21: 0.333 | K21: 0.357 | L21: 0.396 | M21: 0.284 | N21: =COUNT(C21:M21) -> 11
... A27: 1674 | B27: Lubuk Linggau (City) | C27: 0.326 | D27: 0.352 | E27: 0.378 | F27: 0.324 | G27: 0.321 | H27: 0.34 | I27: 0.361 | J27: 0.366 | K27: 0.37 | L27: 0.353 | M27: 0.369 | N27: =COUNT(C27:M27) -> 11

Sheet GRDP_Structure
A1: GRDP by industry (share of total GRDP) (OPTIONAL)
A2: Unit | C2: % share of provincial GRDP
A3: Guidance | C3: Province level. Shares should add up to about 100% for each year.
A4: Source table title (BPS)
A5: Source URL or table ID
A6: Release date or version
A7: Notes (breaks, provisional, base year)
A9: BPS code | B9: Sector | C9: 2015 | D9: 2016 | E9: 2017 | F9: 2018 | G9: 2019 | H9: 2020 | I9: 2021 | J9: 2022 | K9: 2023 | L9: 2024 | M9: 2025 | N9: Years filled
A10: A | B10: Pertanian, Kehutanan, dan Perikanan | N10: =COUNT(C10:M10) -> 0
A11: B | B11: Pertambangan dan Penggalian | N11: =COUNT(C11:M11) -> 0
A12: C | B12: Industri Pengolahan | N12: =COUNT(C12:M12) -> 0
A13: D | B13: Pengadaan Listrik dan Gas | N13: =COUNT(C13:M13) -> 0
A14: E | B14: Pengadaan Air, Pengelolaan Sampah, Limbah dan Daur Ulang | N14: =COUNT(C14:M14) -> 0
A15: F | B15: Konstruksi | N15: =COUNT(C15:M15) -> 0
A16: G | B16: Perdagangan Besar dan Eceran; Reparasi Mobil dan Sepeda Motor | N16: =COUNT(C16:M16) -> 0
A17: H | B17: Transportasi dan Pergudangan | N17: =COUNT(C17:M17) -> 0
A18: I | B18: Penyediaan Akomodasi dan Makan Minum | N18: =COUNT(C18:M18) -> 0
A19: J | B19: Informasi dan Komunikasi | N19: =COUNT(C19:M19) -> 0
A20: K | B20: Jasa Keuangan dan Asuransi | N20: =COUNT(C20:M20) -> 0
A21: L | B21: Real Estate | N21: =COUNT(C21:M21) -> 0
... A26: R,S,T,U | B26: Jasa Lainnya | N26: =COUNT(C26:M26) -> 0
